{"cameraMode":{"drawMode":0,"name":"Shaded","section":"Shading Mode"},"sceneLighting":false,"audioPlay":false,"sceneViewState":{"m_AlwaysRefresh":false,"showFog":true,"showSkybox":false,"showFlares":true,"showImageEffects":true,"showParticleSystems":true,"showVisualEffectGraphs":true,"m_FxEnabled":true},"in2DMode":false,"pivot":{"x":-2.003858804702759,"y":0.30824530124664309,"z":-0.5759471654891968},"rotation":{"x":-0.05749993398785591,"y":0.5693029165267944,"z":0.04013537988066673,"w":0.8189491629600525},"size":0.3101519048213959,"orthographic":false}