{"cameraMode":{"drawMode":0,"name":"Shaded","section":"Shading Mode"},"sceneLighting":true,"audioPlay":false,"sceneViewState":{"m_AlwaysRefresh":false,"showFog":true,"showSkybox":true,"showFlares":true,"showImageEffects":true,"showParticleSystems":true,"showVisualEffectGraphs":true,"m_FxEnabled":true},"in2DMode":false,"pivot":{"x":5.210921287536621,"y":0.3502765893936157,"z":-1.1561044454574586},"rotation":{"x":-0.058233216404914859,"y":-0.6875584125518799,"z":0.05227264016866684,"w":-0.7216691374778748},"size":12.764188766479493,"orthographic":false}